{
    "RN Functional Component": {
        "prefix": "rnfunc",
        "body": [
           "import React from 'react';",
           "import { View } from 'react-native';\n",
           
           "export default function ${1:${TM_DIRECTORY/^.*(\\/|\\\\)([^(\\/|\\\\)]+)$/$2/}}() {",
           " return (",
             "   <View/>",
             "  );",
           "}"
        ],
        "description": "Create new functional component"
    },	

    "RN Class Component": {
       "prefix": "rnclass",
       "body": [
          "import React, { Component } from 'react';",
          "import { View } from 'react-native';\n",
          
          "export default class ${1:${TM_DIRECTORY/^.*(\\/|\\\\)([^(\\/|\\\\)]+)$/$2/}} extends Component {",
          " render(){",
          "  return (",
            "    <View/>",
            "   );",
            " }",
          "}"
       ],
       "description": "Create new functional component"
   },

   "RN Styled Component": {
      "prefix": "rnstyled",
      "body": [
         "import styled from 'styled-components/native';\n",
         
         "export const Container = styled.View``;"
      ],
      "description": "Create snippet Styled Component"
  },

  "React functional Component": {
   "prefix": "rfunc",
   "body": [
      "import React from 'react';\n",
      
      "export default function ${1:${TM_DIRECTORY/^.*(\\/|\\\\)([^(\\/|\\\\)]+)$/$2/}}() {",
      " return (",
      "   <div>\n",
      "   </div>",
      " );",
      "}"
   ],
   "description": "Create React functional component"
  },

  "React Class component": {
   "prefix": "rclass",
   "body": [
      "import React, { Component } from 'react';\n",
      
      "export default class ${1:${TM_DIRECTORY/^.*(\\/|\\\\)([^(\\/|\\\\)]+)$/$2/}} extends Component{",
      " render(){",
      "  return (",
      "    <div>\n",
      "    </div>",
      "  );",
      " }",
      "}"
   ],
   "description": "Create React class component"
  },

  "React Styled Component": {
   "prefix": "rstyled",
   "body": [
      "import styled from 'styled-components';\n",
      
      "export const Container = styled.View``;"
   ],
   "description": "Create Styled Component for React JS"
  },

  "Api Axios Snippet": {
   "prefix": "api",
   "body": [
      "import axios from 'axios';\n",
      
      "const api = axios.create({",
      " baseURL: '$1'",
      "});\n",
      "export default api;"
   ],
   "description": "Create Axios Api"
  }
}